VIVIAN,BARTLETT
JAVIER,DAVIS
ROSEANN,COMPTON
CHAD,KIRBY
MARVA,DUNN
ANDREA,BURKS
MICHAEL,WASHINGTON
GALEN,MCCLURE
CAROLINE,SCHROEDER
DEANNA,SUAREZ
OLLIE,PITTMAN
ROBBY,NEWMAN
DEANNE,CASTILLO
HOPE,HENSLEY
TRUDY,WELLS
MOHAMMAD,CARPENTER
HERSHEL,RIOS
GLEN,WINTERS
PARKER,TAYLOR
JOSIAH,CORTEZ
TRACY,BARBER
MONTE,MEYERS
LINDSEY,DUFFY
EARNESTINE,GREER
ADRIENNE,SOLOMON
ADOLFO,CHERRY
ERIN,WEAVER
HEATH,HODGE
SILAS,GRAHAM
SUE,WASHINGTON
FLOSSIE,BROWNING
DOROTHEA,DONALDSON
LAZARO,MORSE
CHADWICK,LLOYD
DOUG,WILKINSON
HARRIETT,GUY
PAULA,COOKE
ERNESTO,LARSEN
MIKE,MAYO
TRUMAN,CLEMENTS
ELNORA,BATES
SAL,HAWKINS
ROCKY,MORSE
DUSTY,GROSS
DAVIS,RICHARDS
KELSEY,BRIGHT
ASHLEY,HOLMAN
JESSICA,BOYER
LENA,HOBBS
VELMA,STEWART
LEONARDO,ROMERO
NIKKI,GEORGE
CONRAD,MASON
EMILIA,FINLEY
DIRK,LAMBERT
FRANCIS,FLOYD
WINSTON,ONEAL
PORFIRIO,ROMERO
NUMBERS,CLARK
FEDERICO,COOLEY
LAKISHA,HUFF
DONNELL,PECK
JEFF,ELLIS
RAYMUNDO,BRADLEY
MAURICIO,BEAN
HANK,ROSARIO
LOGAN,HOOPER
JACOB,BRUCE
ANGELICA,HUNT
SOPHIA,CAMPOS
ROBYN,CARR
TAMARA,PETERS
ODIS,VELEZ
RACHAEL,COLON
CAREY,BEAN
SHELDON,HUNTER
PETRA,BUCK
JOHNATHON,LYNN
VALARIE,ROGERS
PERCY,BARR
KELLI,BAILEY
TRACY,DUNCAN
SHELLY,PATE
RAMONA,MCMAHON
EMMA,RICHARD
MILLARD,DYER
ALLISON,SCOTT
KATINA,JACKSON
SONIA,HART
RHODA,ROBERTSON
ALFREDA,FRANKS
JAMI,DOTSON
VICENTE,MCDANIEL
EARLENE,PETTY
WESLEY,BURNS
CESAR,CLAY
TRACIE,ELLIS
MAYRA,HARTMAN
MILLICENT,GIBBS
HANS,OBRIEN
ANGELO,CLARKE
ELBERT,MOSS
JAY,COFFEY
MIA,PUCKETT
BORIS,ROWE
NOLA,PARSONS
JACLYN,WILEY
LYNN,JOHNS
MAVIS,JUSTICE
LUPE,WALLER
NADINE,UNDERWOOD
RIGOBERTO,MCCARTHY
KRISTOPHER,PATRICK
CAROLYN,PENA
TOMMY,MORRIS
MARIE,RUTLEDGE
LEVI,MORGAN
ROCHELLE,BRAY
FRANCISCA,BLACKWELL
INA,MCCRAY
ANDREA,REYES
SUZETTE,WALSH
ROCCO,MARSHALL
ALPHONSO,TANNER
WARREN,DANIEL
MEGAN,HAHN
CHANG,ROSARIO
SALLY,AGUILAR
LEANN,SUMMERS
JANE,HIGGINS
GABRIEL,ALFORD
BELINDA,ESPINOZA
MADELEINE,LANCASTER
BLANCA,WALLS
ARMANDO,FAULKNER
FRANKIE,VALENCIA
GONZALO,KING
SALLIE,FOX
CECILE,HARVEY
LORRIE,CHAN
RUFUS,PEREZ
BETTIE,DRAKE
WILLIAMS,HOLLOWAY
JOHNATHAN,HOOVER
CATHLEEN,REILLY
CHRISTOPER,FORD
REBEKAH,FARRELL
SHAWNA,CRAFT
KENYA,BRADFORD
RENE,HARMON
NOREEN,KELLEY
WALLACE,MAYER
MICHEAL,WILDER
REID,RAY
TIA,DOWNS
MALLORY,LEVY
SHEILA,JONES
LILLY,JACOBS
JANETTE,VALDEZ
ALEXANDRA,DELEON
BILLIE,COCHRAN
AMALIA,BATTLE
TAMRA,CONLEY
MARIETTA,DEJESUS
BENJAMIN,OSBORNE
CLAY,BREWER
TYSON,RICHARD
PAIGE,GROSS
BRENDA,ROJAS
RANDALL,BLAKE
JACKIE,ONEAL
CLINT,MCFADDEN
ALYSON,TREVINO
ANDRE,LAWRENCE
SAUL,BUTLER
ROSENDO,MANN
SCOT,WISE
BOB,CERVANTES
JEREMIAH,FITZPATRICK
KEITH,RATLIFF
VERNON,WORKMAN
BENNY,SULLIVAN
GAY,RIGGS
ESTELLA,HORN
ADRIANA,NICHOLSON
DEANA,RHODES
SYLVESTER,ROSE
JAIME,HICKMAN
LYNDA,ROWLAND
VICKY,OWENS
DOMINIQUE,STARK
ROXANNE,BARRY
MARLIN,LEBLANC
ROSALINDA,KNOX
RAMON,BUCK
BERYL,WHITE
DONALD,SANFORD
BRITTANY,LAWRENCE
GEORGETTE,SANCHEZ
ISAAC,LAWSON
VERNA,MORAN
HELENE,MELTON
ELMO,BENTLEY
NICHOLAS,BOWERS
RUBIN,MYERS
NEWTON,WEAVER
ROBERTO,FIELDS
FELECIA,WYNN
YOUNG,WYATT
GEORGINA,MERCER
REGGIE,WAGNER
MAC,WALLS
CHASITY,STANTON
LOLA,BLACKBURN
GERARD,FLYNN
FAITH,DAWSON
JEWELL,ROTH
ADAN,STOKES
CAROL,MCLEOD
SHANNA,RAMIREZ
DARIUS,DODSON
JERRY,GILMORE
TERENCE,KIRBY
REVA,EMERSON
GAIL,MORALES
ARIEL,CRANE
FREDDIE,HARRELL
JASON,ODOM
ROSALYN,ANDERSON
LENARD,BISHOP
VONDA,CHEN
BRIDGETTE,MCPHERSON
ROD,SMALL
JOSIE,MAYNARD
SUSIE,JENKINS
THANH,HERMAN
ELWOOD,WITT
AUDREY,NORMAN
JOANNE,JAMES
KENTON,PRICE
EVERETTE,GARRETT
IRVING,BRANCH
CARMEN,KOCH
BYRON,DELACRUZ
JORDAN,OSBORNE
MARK,COBB
ABIGAIL,SNYDER
QUINN,BURGESS
SUSAN,COOK
CHELSEA,BRIGGS
LAURI,DILLARD
FRANCES,HUDSON
ANNABELLE,BARRETT
SIMONE,PITTS
OLIVE,KIDD
GENA,AUSTIN
DOLLY,SANTIAGO
HELENA,FLETCHER
AHMAD,DOTSON
CHERRY,CASTRO
HOUSTON,COLLIER
VANESSA,CALLAHAN
JUDY,PRICE
EMILIO,HENSON
TODD,CASTRO
NELLIE,PATEL
PEARL,REILLY
KRISTIE,MACDONALD
LAVONNE,AUSTIN
SILVIA,CONWAY
HUMBERTO,BEACH
ROSALIND,YORK
DOMINGO,HERNANDEZ
DERRICK,RIVERA
JAYNE,LE
WILEY,FINLEY
SANDRA,SLATER
DENIS,CASEY
ALTA,PITTMAN
KAY,HURLEY
WENDELL,SIMPSON
RUSSEL,LANE
PABLO,SHEPHERD
ALBA,DECKER
SYBIL,STOUT
KATIE,STEPHENS
LUKE,ALFORD
CLAUDE,LOWE
NATASHA,TILLMAN
STELLA,ONEIL
MARICELA,NICHOLS
DALE,HOUSTON
ZACHERY,MCCULLOUGH
CHRIS,POWERS
BLAIR,FRY
CANDY,JENKINS
KRISTI,LOPEZ
CHRISTOPHER,BUCHANAN
YOLANDA,CLINE
JERRI,BENSON
TAMMIE,BARLOW
JACKLYN,PICKETT
RONALD,ALSTON
SABRINA,WOOD
OLIVIA,WOLF
CARSON,CARLSON
MAGDALENA,BOOKER
LINDSEY,WARNER
RUSTY,RODGERS
NOEMI,STEWART
LIZZIE,KELLEY
REUBEN,ROACH
TERRELL,MEYER
MYRNA,CHURCH
LEE,CALDWELL
ANGELA,ROSS
KENNY,SHAFFER
PAT,DYER
GLADYS,GRAY
LEWIS,WONG
DIANE,STAFFORD
ANNE,ONEIL
DENNY,TRAN
DELMER,WOLF
HORACE,ZIMMERMAN
DAN,VALENCIA
ERWIN,MCKNIGHT
WELDON,PEARSON
FABIAN,ESPINOZA
WILTON,BRAY
GAVIN,WHITNEY
BRIDGET,WEBER
IVAN,ORR
JOSEF,PRESTON
JONATHAN,MADDOX
IMOGENE,WHITNEY
EARLE,BAUER
MORGAN,COBB
QUEEN,HANCOCK
DARNELL,CALLAHAN
BERT,ALVARADO
JARED,EVERETT
CORNELL,OCONNOR
JEFFRY,LINDSEY
ELVIS,BURKE
LUCY,STEVENS
ERNA,SAVAGE
IVY,FERRELL
LUELLA,GRAHAM
MARGRET,HUGHES
DOLLIE,PETERSEN
SAMMIE,GOOD
DANTE,KRAMER
TERRANCE,KLEIN
QUINCY,GIBBS
KRIS,CRAIG
CRYSTAL,NOEL
GENEVA,LARSEN
BROCK,GIBSON
SELENA,HOLCOMB
MARILYN,NORMAN
LETHA,PERKINS
YVETTE,SOTO
NAPOLEON,LANDRY
SALVATORE,EVANS
LONNIE,RICE
EMMETT,SANDERS
ALFONZO,HUBBARD
YONG,FARMER
CARMEN,EDWARDS
ALYCE,MANNING
ANTOINETTE,HESS
DANA,DILLARD
MARISOL,MCCARTY
NELDA,PATTON
REYES,BRENNAN
DINO,GUERRERO
DOYLE,BRENNAN
DELORES,DILLON
ROXIE,WORKMAN
VITO,ROJAS
MARCELO,KANE
SAVANNAH,MAYER
SERGIO,HARDING
LIZA,GILLIAM
RONNIE,KNAPP
BETTYE,HOPKINS
JAMAR,ACOSTA
BRIAN,WONG
NEAL,OLIVER
HEATHER,BENDER
SANDY,DAVENPORT
LOURDES,GRIFFIN
EUGENIO,VANG
KATELYN,BARTON
NONA,SAVAGE
FREDDY,TERRELL
LOWELL,GOFF
BRENT,LINDSEY
ELIJAH,WADE
CONCETTA,BRIGHT
JOCELYN,MONTOYA
MAGGIE,GONZALES
GRETCHEN,SHORT
RUDOLPH,VINCENT
NICK,WYATT
ANTHONY,POOLE
TYREE,DANIELS
JODIE,BROOKS
MYLES,BULLOCK
DENISE,MOSLEY
LIZ,PUGH
PHILLIP,DALE
CHESTER,ELLIOTT
MYRA,JACOBSON
DIANA,COLON
THURMAN,DOUGLAS
PAUL,CHANG
OFELIA,GLENN
ALDO,WARD
THEODORE,BAUER
MATILDA,DONOVAN
SHERRY,NIELSEN
DEBORA,MATHIS
BRYANT,FREDERICK
CECILIA,SILVA
REYNA,SOSA
TIMMY,SPARKS
LYLE,DIAZ
CLIFFORD,ELLISON
LOLITA,HESTER
EFFIE,NOLAN
BUDDY,ROSA
OLIN,MEYER
LAUREL,WRIGHT
ALEXIS,VILLARREAL
JUSTIN,COOK
AIMEE,SHERMAN
LILIANA,JACKSON
KIP,RUSSELL
MARQUITA,PRUITT
FRAN,FOREMAN
MONIQUE,SANTOS
MELISSA,ODOM
GIOVANNI,BECK
RHONDA,ROSA
TY,OSBORN
KENNITH,GUZMAN
MOISES,BENJAMIN
LUANN,DIAZ
ANDRES,GOULD
CARROLL,BYRD
DANNIE,PERRY
SHARRON,TANNER
LUCIO,GILBERT
CLYDE,LAMB
DIXIE,MCKENZIE
BILL,GUTHRIE
MANUEL,HENDRICKS
ROYAL,NORRIS
BERTA,HAMPTON
ABBY,BOYLE
TESSA,MANNING
CARISSA,FRY
DAVID,LANGLEY
GERTRUDE,AYERS
LARA,GARNER
WENDI,CROSS
STACEY,HAMILTON
JULIANNE,MCCALL
CLAUDIA,WARREN
HILLARY,SHAW
ULYSSES,KLINE
ANTWAN,WALLER
DEXTER,YORK
FOREST,REYES
JEFFEREY,MCMILLAN
BEATRIZ,ANTHONY
MAI,MUNOZ
HARLAN,WILDER
ALISHA,TRUJILLO
MAURICE,RILEY
CHRISTIAN,MCCLAIN
NAOMI,BOOTH
DONNA,PETTY
LADONNA,FRYE
LUCILE,VASQUEZ
ADELA,TOWNSEND
BEULAH,LEWIS
WILDA,CLAY
JULIO,MONROE
LYNETTE,RAMOS
STACY,LEE
CARLA,DURHAM
ROSLYN,FISCHER
WINIFRED,DICKSON
HILARY,SHELTON
ANTONIO,CRAFT
ESPERANZA,MAXWELL
OLLIE,GLASS
TANISHA,HUNTER
VIOLET,INGRAM
NETTIE,CAREY
DEENA,MACDONALD
JOSH,DUDLEY
ELLIOT,HARDY
BRANDEN,ROMAN
KYLE,STEVENSON
DALE,HANSON
KATHLEEN,ORTEGA
DOMINIC,GAY
JIM,HODGES
MERLE,MOSS
ERIK,PRINCE
CLARENCE,COCHRAN
CORY,KEMP
KITTY,MONROE
NORMA,UNDERWOOD
KRISTINA,HAYES
MANDY,BROCK
BEAU,HEBERT
FERN,HOOVER
ERICH,STEELE
REINALDO,WILKERSON
ALICIA,BALDWIN
CONNIE,SIMMONS
EMILY,GONZALEZ
LANNY,HEWITT
KATHERYN,EATON
DEBORAH,NORRIS
HERIBERTO,WELCH
JOHN,NEAL
WILLIE,CARRILLO
JOSEFINA,BAILEY
ALISA,POWERS
JAMEL,SOLOMON
SIDNEY,ALLISON
NOELLE,FLOWERS
MARSHA,MEJIA
ROGELIO,PALMER
KARINA,VEGA
LESA,PACHECO
ABE,DONOVAN
JEANINE,CHAVEZ
ELLEN,RIDDLE
PRISCILLA,HARTMAN
VIRGIE,GARCIA
JOHANNA,CARDENAS
SAMMY,TUCKER
JAIME,WELCH
ALVARO,DEJESUS
BLAKE,NICHOLS
LOYD,BARRY
RICO,GOMEZ
DARYL,TAYLOR
DELMAR,MOON
JO,REESE
DORTHY,POTTS
KARYN,HALE
WALDO,MOODY
MARTHA,HALL
GRANT,WHITAKER
BRENDAN,BAKER
JAN,CHASE
TERESA,WILKINSON
AUDRA,MICHAEL
MYRON,DAUGHERTY
ALPHONSE,OBRIEN
RONDA,ATKINS
SEBASTIAN,PRUITT
GENE,HART
KAREN,PUGH
LACEY,FULLER
ISIAH,BUCHANAN
WM,MADDOX
RON,ALBERT
ROBERT,WALL
ROWENA,COLE
APRIL,MOODY
JAMIE,VELAZQUEZ
LOUIE,MILLS
KEN,NEAL
LAURIE,SLOAN
NELSON,ZAMORA
MARLENE,FISCHER
JODY,CARROLL
KAYE,HIGGINS
FREEMAN,BUSH
MARGERY,FRANKLIN
MISTY,MIDDLETON
TERI,WYNN
HOMER,MARSH
BENITO,PENNINGTON
MELODY,CHARLES
OTIS,ODONNELL
IGNACIO,PHILLIPS
MARYLOU,MARTINEZ
CHARLES,KRAMER
TYRONE,DELANEY
RUPERT,GARRETT
GUILLERMO,WEST
STEVEN,LOWERY
CLAIRE,MOLINA
LILIAN,WILLIAM
TOMAS,WALSH
XAVIER,BRYANT
ANNETTE,RHODES
NOAH,SCHULTZ
ESSIE,FISHER
AURORA,MENDEZ
BARBARA,CONRAD
ANGIE,MUELLER
MONTY,FUENTES
MARY,DOYLE
BETTE,BRITT
MERLIN,HALEY
MICHELE,CASTANEDA
JEANNETTE,MCKINNEY
JAMAAL,HENDERSON
JOLENE,STONE
NANNIE,HOOD
JERROD,CAMERON
EZRA,HESS
KERRY,KNIGHT
ELAINE,EDWARDS
MARCELLA,MCCARTHY
GLORIA,SANFORD
KRIS,PARRISH
IRA,GAY
THERESA,SUTTON
BRADY,KLEIN
DEREK,POLLARD
MARVIN,MERRITT
HUNTER,KELLER
FREDA,SNOW
TOBY,BLANKENSHIP
RORY,NUNEZ
MURRAY,NELSON
NESTOR,WAGNER
FAUSTINO,SPENCE
KRYSTAL,SEARS
KIRBY,PADILLA
JAMIE,MCKNIGHT
LYNN,LEE
JONATHON,SHANNON
ALDEN,GAINES
LENORA,SHARP
JERMAINE,ATKINSON
ALICE,CUNNINGHAM
ELSA,CRAWFORD
CAROLINA,MCKEE
MARGIE,FORBES
FREDERICK,BRADY
JEROME,CHANEY
FRANCIS,FUENTES
JUANA,BLAIR
KATHIE,QUINN
ELIAS,BLACK
CARA,ROSALES
SOLOMON,DENNIS
VICKIE,WATTS
VILMA,BALDWIN
LESTER,VANCE
SHAUN,BARRETT
ANN,HARDIN
BRIGITTE,MARTINEZ
JENNIFER,KAUFMAN
BERNARD,RICHMOND
HERMINIA,PETERSEN
LANE,YOUNG
BILLIE,OCHOA
TIFFANY,GENTRY
SETH,NAVARRO
NORRIS,YATES
IRWIN,SUMMERS
KIETH,FIGUEROA
ELMA,BENJAMIN
MARTINA,MARSHALL
ARLINE,WILLIAM
COLEEN,ALBERT
BRITNEY,BENDER
MARCOS,VAZQUEZ
ALLEN,COLLINS
MILES,MAY
WANDA,HAYS
INEZ,BUCKLEY
ARNOLD,FOSTER
KIRK,HENSLEY
AMIE,DELANEY
EDDIE,LOPEZ
SHELTON,HERRING
DEBRA,GUTIERREZ
DAMION,MATHIS
INGRID,MALDONADO
BETHANY,BERG
NATHANIEL,POWELL
AUTUMN,SAUNDERS
ROSA,WIGGINS
LOREN,KNAPP
LOIS,BUSH
PEARLIE,PETERS
LETITIA,FIGUEROA
HIRAM,CASE
ALFRED,RANDOLPH
WINNIE,JENNINGS
ALEJANDRO,HOWE
KERMIT,MCGEE
JAMAL,EWING
CLAUDETTE,FLEMING
YVONNE,SMITH
MARYELLEN,CURTIS
DUDLEY,DURAN
NOLAN,HODGES
LELIA,HOWELL
CASEY,ORTEGA
SANTIAGO,ALEXANDER
ANIBAL,MERRITT
ILENE,ROMAN
WHITNEY,SPEARS
DENA,FULTON
DWAYNE,AGUIRRE
CARMINE,VINSON
DARRIN,ASHLEY
DOMINICK,BONNER
HOLLY,MCFADDEN
RUBY,COMBS
LUCIA,ATKINSON
GUS,HUNT
MARGARITO,KIRK
GLENN,ROSE
ALAN,HAYNES
LIDIA,ABBOTT
CHARLOTTE,SIMPSON
ESTER,RUIZ
DEANN,GUTHRIE
AUGUSTINE,LARSON
STEWART,LEVY
HENRIETTA,DAUGHERTY
ELBA,MCCORMICK
TONI,STRICKLAND
DESIREE,OWEN
ARMAND,HARDIN
ALISON,HORTON
HERBERT,HERRING
BRETT,DURHAM
OLIVER,ODONNELL
VAUGHN,GOULD
ASHLEY,GILL
GRAHAM,MCFARLAND
EDWIN,HANSEN
RILEY,SIMMONS
ELVIRA,PERRY
ABEL,BLAKE
PATSY,PATRICK
GABRIELA,HAMPTON
CLARICE,WHEELER
PHIL,CLAYTON
ILA,STEIN
TAMI,BOND
ANTOINE,BOOTH
KRISTEN,CURRY
DEWAYNE,MACK
CONSTANCE,CARSON
RHEA,HALL
ROSARIO,ERICKSON
MARCI,FINCH
LEOLA,MCDANIEL
LLOYD,NGUYEN
JERI,HOPPER
FAY,CARVER
TOMMIE,CAMACHO
KEISHA,BURRIS
LETICIA,MCCRAY
DONNIE,PARK
ISABEL,LEACH
BRANT,DICKERSON
DALTON,IRWIN
GORDON,HILL
JESS,GARCIA
JENNIE,BURGESS
KATHARINE,ALVAREZ
PATTY,SOSA
CASSIE,KIRKLAND
SONYA,STANLEY
ANTONY,MADDEN
ADELINE,SPENCER
SADIE,CHANDLER
MARIANA,BEARD
GERRY,PENA
TIM,ACOSTA
JOESPH,SALAS
MAYNARD,GALLEGOS
WILLIS,MARQUEZ
THERON,PEREZ
LOUISE,MENDEZ
BRUNO,WATSON
JAMES,KEITH
RAQUEL,STUART
STEPHAN,KEY
JESSIE,DAVID
TRINIDAD,REEVES
PETER,MAXWELL
DORA,BARTON
BROOKS,LONG
ISRAEL,LINDSAY
ELENA,MCLEOD
LAURENCE,RAYMOND
EDGARDO,REEVES
PASQUALE,HODGE
CONCEPCION,ROWE
MOHAMED,MCLAUGHLIN
DANIELLE,GARZA
CLEO,WOOD
SUSANNA,CHAPMAN
ALVA,MERCADO
KURTIS,MIRANDA
HORACIO,SAUNDERS
KORY,HICKS
ENRIQUE,CONLEY
OSCAR,HARRISON
RANDOLPH,HOFFMAN
CARTER,FROST
CYNTHIA,FREDERICK
DYLAN,BELL
NICKOLAS,WILLIS
JOHN,GOODMAN
JERRY,HUGHES
LOUISA,MCGUIRE
LEOPOLDO,AYALA
ROLLAND,HOUSE
VALERIE,RAMOS
ERIKA,JUSTICE
MILDRED,BENTON
NATALIE,FRANK
ANITA,WATERS
STEVE,BENTON
HELGA,BAXTER
ROY,MCCALL
SCOTT,LEONARD
JOSEPH,BURCH
TYLER,BROWN
JOYCE,FITZGERALD
DOLORES,MCDONALD
GERARDO,SEXTON
KIM,WARNER
CHANDRA,LUNA
TINA,NUNEZ
ELOISE,WHITLEY
RYAN,LEONARD
EDWINA,CHAPMAN
STEPHANIE,WOODWARD
FOSTER,WALKER
VERN,DOUGLAS
DARLA,THOMAS
ROSEMARIE,ANDERSON
JANICE,SANTOS
LUCILLE,ROBINSON
MARTIN,ASHLEY
EMERSON,GRIFFITH
ROSE,OLSON
LEONOR,WEBSTER
ALFONSO,PARRISH
CHASE,KIRK
JEANNINE,HULL
MARIO,BLEVINS
BERNADINE,RODRIGUEZ
CLINTON,SULLIVAN
TRACI,DOYLE
ROBERTA,GREGORY
LORIE,ROY
REED,HEATH
JON,KANE
ALLYSON,HARPER
FELICIA,MERRILL
JOSE,BAXTER
MARION,MOSES
RODGER,REED
BRUCE,BOONE
GREGG,POTTS
VALERIA,SHEPHERD
DAWN,STEELE
HEIDI,MOLINA
ROSANNA,MCKAY
SELMA,HARRIS
JANELL,ALVAREZ
FERNANDO,DUNLAP
CYRUS,LARA
LINDA,PICKETT
CARLOS,AVILA
LANA,DUNCAN
CHARMAINE,HOLDER
POLLY,WOLFE
AMELIA,BATTLE
WILFREDO,ELLISON
STEFANIE,SIMS
SONNY,HEBERT
ORA,MORENO
EVA,YOUNG
KARI,RANDOLPH
HELEN,LANG
GOLDIE,MACK
ALEC,POOLE
JAYSON,GORDON
AMOS,PETERSON
LUCAS,VINSON
CARMELLA,PARKER
NOE,SCHNEIDER
SHAUNA,STEVENS
DARWIN,YATES
DAMON,TREVINO
JARVIS,WALTER
ELVIN,MURRAY
GARY,ORTIZ
FRANCISCO,RAYMOND
DARCY,POWELL
JOANN,ADAMS
FRIEDA,RICH
KELLY,SHAW
STEVIE,CARTER
BESSIE,MCFARLAND
JAMES,HOLT
LYNNETTE,GILBERT
RICKIE,GENTRY
ARCHIE,BURNS
ALLIE,LINDSAY
CLAYTON,CRUZ
ADRIAN,MCBRIDE
CAITLIN,YANG
LISA,PARKER
KRISTINE,KIM
COLBY,SAMPSON
SOCORRO,BURRIS
ROLAND,VAUGHAN
JIMMIE,MCINTOSH
SANG,ROSALES
HATTIE,WOODS
TAYLOR,PAYNE
MARION,SHARPE
WILFRED,WOOTEN
GILBERT,CANTRELL
TRICIA,BRIDGES
COY,REED
CHRYSTAL,HOLDEN
ERIN,BROOKS
MATTHEW,PENNINGTON
SAMUEL,LEBLANC
BERNARDO,JONES
MARGARITA,BOLTON
MILFORD,CUNNINGHAM
ESTEBAN,RYAN
LEMUEL,LOWERY
LIONEL,TYSON
LUCIANO,BOWEN
DARREL,BURKE
THADDEUS,DUKE
ADDIE,BARNES
SHANNON,SAMPSON
SEAN,WEBER
MAUDE,MCKEE
JULIETTE,DILLON
SHARON,MEYERS
DEVON,HOUSE
ROBIN,MARKS
TANIA,WITT
ERIC,MCLAUGHLIN
CHRISTA,ROBBINS
WINFRED,MUNOZ
JULIE,BISHOP
TISHA,BAIRD
CLAUDIO,RICH
JUNE,BURTON
MIGUEL,GEORGE
MILAGROS,HUBBARD
STERLING,JENSEN
RITA,GALLEGOS
MABEL,MOSLEY
JONAS,DEAN
MITCHEL,MILLS
SHEREE,BARTLETT
ANGELINA,VARGAS
SHERMAN,MALDONADO
LAUREN,SARGENT
EVE,BATES
GREGORY,HEAD
MELISA,SOLIS
ALYSSA,BOWMAN
LESLEY,CLEMONS
MORRIS,VALENZUELA
ANA,FRANCIS
MARI,ENGLAND
MASON,GRAY
GWENDOLYN,KNOWLES
PEGGY,GAINES
HILDA,HAWKINS
ESMERALDA,MCDOWELL
ANGELINE,HURLEY
LAWRENCE,MORIN
LILLIE,LYNCH
DARREN,THOMPSON
CARL,ANTHONY
RAPHAEL,WALL
NEVA,VALDEZ
WILBUR,NIEVES
NORA,COPELAND
RENA,VELAZQUEZ
RODOLFO,BIRD
CLIFTON,GAMBLE
REGINALD,BURT
JOSEPHINE,HEAD
CELIA,ANDREWS
JULIET,RUSH
CHI,JEFFERSON
ANASTASIA,GILES
ZANE,JOHNSTON
MARCY,WHITEHEAD
ERICA,ROBERTS
BERTIE,GOMEZ
DEBBIE,FRANCO
GENARO,FORD
SYDNEY,BROCK
JARRETT,CHRISTENSEN
LATONYA,WALTERS
KRISTY,COTE
ANNIE,MCNEIL
MICHAEL,JEFFERSON
EDITH,MILLER
WARD,MALONE
CONNIE,GILLESPIE
DAMIAN,WEEKS
GIL,WHITFIELD
AMBER,FERGUSON
NATALIA,MCCOY
REYNALDO,FULLER
BRANDON,CLAYTON
LATOYA,MAY
CLARISSA,LAMBERT
MATT,PACE
CASSANDRA,NORTON
THELMA,WILLIAMSON
KARL,HANEY
TERRY,ALLISON
MORGAN,GRIFFIN
ROBIN,NORTON
LORA,INGRAM
GEOFFREY,BYERS
BERRY,CABRERA
IAN,HERRERA
PAT,CANTRELL
ASHLEE,LOGAN
LEAH,FERNANDEZ
MARIANNE,RODRIQUEZ
DEE,RAMSEY
CAMILLE,CANTU
COLLIN,BENNETT
BOBBY,BARLOW
JODI,FLOYD
AGNES,SCOTT
FRANKIE,DAVIDSON
MIRIAM,DORSEY
CRAIG,TYLER
SUNG,GOLDEN
IMELDA,MULLEN
GREG,WOODARD
SHARLENE,LUCAS
LUPE,STANTON
CORNELIA,HOGAN
TRACEY,VANCE
MONICA,BEARD
JOHNNY,COLLIER
CURTIS,PAYNE
TAMEKA,ANDREWS
JOSHUA,LESTER
KATHY,CLEMONS
MARCUS,DAVIDSON
ANGELITA,MANN
JENIFER,BRADFORD
HANNAH,LARA
MITCHELL,TUCKER
FRED,GREGORY
JEFFERY,SHIELDS
DAPHNE,GARRISON
NINA,DORSEY
JASPER,WARREN
CHRISTINA,EWING
CAREY,WINTERS
CALLIE,FARLEY
EMILE,STEVENSON
TORY,POTTER
JEREMY,LANDRY
ALEXIS,MORGAN
KATHERINE,MONTGOMERY
COURTNEY,MCBRIDE
ZACHARIAH,SHIELDS
HECTOR,SCHMIDT
CARLO,SALAZAR
ELIZA,ADKINS
CARLENE,FLYNN
LOUIS,HANSEN
GUY,MURPHY
LANCE,BRYAN
ARTHUR,HERMAN
ELISE,CASH
CAROL,BUCKNER
MORTON,PARK
YOUNG,COX
BRADFORD,HARDY
BECKY,DURAN
BRIANA,HERRERA
RACHEL,VAZQUEZ
ADRIAN,NELSON
BROOKE,NOEL
RENE,LOTT
JUSTINE,MELENDEZ
GRETA,SMITH
STACIE,JOHNS
COLLEEN,GILLIAM
LYMAN,SANTANA
ALFREDO,MADDEN
KEVIN,DIXON
FREDRIC,EVANS
JACQUELYN,BERGER
SASHA,STEPHENS
HOLLIS,SYKES
AURELIO,HAYES
BRENTON,CHAVEZ
LEIGH,CLEVELAND
MIRANDA,LEVINE
BENNETT,KAUFMAN
DOREEN,HURST
MADELYN,EMERSON
ROSALIE,GIBSON
DAISY,RODRIGUEZ
DEANDRE,MCCLAIN
DARLENE,WALLACE
TRISTAN,BOWERS
LULA,MAYNARD
FRANCES,SHAFFER
ALVIN,DENNIS
WALTER,CRAIG
ALBERT,HENDERSON
WILMA,JACOBS
GABRIELLE,PAUL
ROBBIE,FULTON
VICTORIA,LANG
MEL,GONZALES
DIANNE,ONEILL
CELINA,WOODARD
WALKER,HENDRIX
MARYANN,MCPHERSON
VERA,STAFFORD
SEYMOUR,DAVENPORT
ROSARIO,ESTES
MARCIE,JORDAN
DERICK,WALTON
STACEY,BERGER
DON,OLSEN
JOAN,CAMPBELL
TRINA,BARRERA
HAL,BAKER
KURT,HATFIELD
PAM,JOSEPH
DUSTIN,HORN
MARTA,COTTON
NEIL,VINCENT
MARIA,BOWMAN
RANDY,MORAN
GALE,THOMPSON
JOEL,SCHWARTZ
CLAUDINE,SOTO
ANNA,ALSTON
EUGENE,WILEY
SHELBY,BARR
TOMMIE,ONEILL
BUFORD,HOWE
GRADY,DICKSON
CLEMENT,BLACKWELL
DEWEY,BASS
TONY,COFFEY
DARIN,BLANKENSHIP
KATHRINE,STOUT
SOFIA,GILL
JULIAN,BRIDGES
MAY,BOYD
LORENZO,JIMENEZ
OLA,WEEKS
TROY,REESE
LUCIEN,WHITE
DICK,DELEON
EFRAIN,GUERRA
LEILA,HYDE
MITCH,BRADY
MICHELLE,BOOKER
MARA,CALDWELL
CHRIS,JOYCE
JOHN,DELGADO
NIGEL,WEISS
RUDY,BECKER
MELBA,CRANE
ANGEL,JIMENEZ
JOE,HICKS
CAMERON,AVERY
BUD,MORTON
FREIDA,DANIELS
FELIX,BROWN
DION,TATE
ALISSA,IRWIN
MYRTLE,SLOAN
MOLLIE,CALDERON
ED,RIVERA
ARLENE,SILVA
DANIEL,WEISS
JESUS,LEVINE
BRANDI,SPENCER
BARNEY,CAREY
SHANNON,SCHROEDER
ALTON,GUZMAN
FLOYD,DAVID
DONN,FISHER
RICKY,NASH
ELDON,SINGLETON
SHELIA,BARBER
DALLAS,DONALDSON
ANTONE,ERICKSON
JOSEFA,SHEPPARD
PATRICIA,HUFF
MOHAMMED,NEWTON
PATTI,PHELPS
TAMMY,COHEN
OLGA,FOX
DIANNA,GILLESPIE
ORVAL,FRANCO
REGINA,AVILA
GAIL,HARDING
HALLIE,TURNER
NANCY,PATTERSON
BRYAN,PACHECO
BLAINE,WARE
JENNY,CARR
CHAUNCEY,HENSON
DARIO,ROBERSON
FRITZ,AGUIRRE
MOSES,NEWTON
MARCO,GLOVER
KERI,HOWARD
JULIUS,RUSH
VIOLA,TILLMAN
DEIDRE,RAMIREZ
JANIE,CANNON
JIMMIE,KELLY
GLENDA,ROBINSON
BARTON,MARTIN
PATRICE,GREENE
WILLIE,HAYDEN
ELSIE,SALINAS
SUSANA,HALE
SHERRI,SEARS
ERICKA,BONNER
HARRIS,FERGUSON
ERNESTINE,HUMPHREY
BETTY,COLE
TRAVIS,SHEPPARD
EFREN,BALL
FANNIE,MCKENZIE
EDWARD,KIDD
RUTHIE,CLARK
JARRED,WATKINS
ANGELIQUE,DOWNS
LEANNE,JAMES
PATRICK,SNIDER
RANDAL,RODRIQUEZ
GLENNA,BECK
ISIDRO,GAMBLE
CINDY,SHORT
DILLON,BENTLEY
LYNNE,LANE
KENDALL,FRENCH
LACY,BERRY
LORETTA,OLSEN
IRVIN,GALLAGHER
RUBEN,RICE
TONYA,HENRY
REFUGIO,REID
VANCE,BRIGGS
DUANE,TERRY
TREY,COOPER
CANDACE,SCHMIDT
JACKIE,MILLER
KELLIE,BOLTON
AVERY,FLORES
JIMMY,PAUL
EVERETT,FITZGERALD
MEGHAN,VAUGHAN
ANDREW,ROLLINS
JONI,BARKER
RUSS,AYALA
JEANETTE,HOGAN
KEVEN,BERRY
ROSCOE,SOLIS
BOYD,WOOTEN
ANTONIA,LOVE
LES,BALLARD
ELISEO,FRAZIER
ETHEL,FOLEY
TERRY,ALEXANDER
NORMAN,LEON
NATHAN,BURT
GILBERTO,PRATT
NORBERTO,PERKINS
ORVILLE,HALEY
TASHA,VEGA
JOHN,SMITH
BRICE,HOLMES
KIMBERLY,DALTON
VALENTIN,MONTGOMERY
MILLIE,LEWIS
BRAD,TATE
STACI,JOYNER
LAVERNE,SHEPARD
ODESSA,ALVARADO
JANET,LOTT
COLIN,KINNEY
SARA,MORRISON
TEDDY,FRENCH
ROSEMARY,WEBB
HAZEL,CAMPBELL
HESTER,HERNANDEZ
ROGER,ROY
QUENTIN,HANCOCK
CELESTE,SAWYER
LILA,GOLDEN
MELINDA,SANDOVAL
STUART,MACIAS
TABATHA,PORTER
TAMIKA,DODSON
ARRON,MELENDEZ
MELVA,GLOVER
TONIA,CONTRERAS
JULIA,PRATT
MARIAN,MELTON
GEORGIA,ADKINS
MELANIE,BARNES
ANTON,BOND
BASIL,NGUYEN
KELLY,KERR
DIEGO,FRANCIS
CHRISTIE,LANCASTER
KARA,VELASQUEZ
LILLIAN,DUNN
LAMAR,OLSON
SCOTTIE,HUFFMAN
ALEJANDRA,GLASS
BURL,BERNARD
RAMIRO,GREENE
ELVA,CASEY
CORINNE,BAIRD
MARISSA,STANLEY
TERRIE,RIVAS
EVELYN,GARRISON
ORLANDO,RASMUSSEN
VIRGINIA,ORR
KARIN,SARGENT
ELVIA,COMPTON
JEFFERSON,WOODS
JORDAN,JOHNSTON
JOHNNIE,GRIMES
MARIBEL,ROCHA
JANIS,WARD
SANDY,HOLDEN
REX,BOYER
STEFAN,CHANG
LOU,PATTON
SHIRLEY,SUTTON
MARITZA,KENT
LORENE,DIXON
HARRIET,DAY
JOANNA,MCCLURE
MATHEW,HOLMES
ALI,RUIZ
ANGEL,RAY
JUAN,WATSON
AUGUSTA,FRANKS
LETA,ACEVEDO
ALBERTA,KLINE
LESSIE,RIGGS
VINCE,FARMER
BOOKER,ARNOLD
RANDI,TYSON
SALVADOR,KING
ERICK,CROSBY
KASEY,RIOS
ARON,HUDSON
ROB,MAYS
JORGE,BARRON
LORRAINE,PADILLA
ELLA,TRAVIS
FLETCHER,FROST
PAULETTE,STEPHENSON
DORIS,ENGLISH
MAXINE,SANCHEZ
CALVIN,JUAREZ
ERMA,KENNEDY
LELA,CANTU
CHRISTINE,HINES
BRET,PITTS
JASMINE,SHEPARD
MINERVA,HOLMAN
RUSSELL,WALTON
COREY,WHITEHEAD
MARLA,CHRISTIAN
RICH,HILL
CLIFF,RUSSO
DWIGHT,FLOWERS
GARLAND,DEAN
BONNIE,CARDENAS
DEIRDRE,BLANCHARD
LEO,HURST
LUZ,DELGADO
JANNIE,FOSTER
MABLE,BOONE
CYRIL,CHASE
NANETTE,WHITAKER
SHERYL,SIMS
PERRY,WOODWARD
VIRGIL,FRYE
PRESTON,ROBLES
JULES,GUTIERREZ
JAKE,MALONE
ELEANOR,ZAMORA
NADIA,MCGOWAN
VICKI,MCINTYRE
CARLTON,COHEN
OMAR,JUAREZ
ERNIE,MEDINA
BARBRA,JOHNSON
OWEN,QUINN
EMIL,GATES
MAURA,BEST
TREVOR,HARRIS
JONAH,TORRES
CODY,BEST
HARRY,HUTCHINSON
TRENTON,BURCH
MERRILL,ROSS
MAUREEN,LUCAS
CLARE,SYKES
DIANN,THOMAS
WILBERT,SHELTON
IRMA,PACE
NED,JOYCE
MITZI,COLLINS
MARISA,CLEVELAND
KENT,BIRD
JESSE,BRYANT
GERALDINE,GUY
PANSY,WALTERS
GARRETT,COOPER
MICKEY,KINNEY
DANA,DICKERSON
JUNIOR,LANGLEY
JILL,NASH
THERESE,SNOW
MALINDA,MASSEY
HUGH,CASTANEDA
JOEY,BEASLEY
EARLINE,SELLERS
AMADO,PETERSON
ROLANDO,BLEVINS
ROSANNE,HANSON
OSVALDO,SCHULTZ
EILEEN,CORTEZ
TAMMI,LARSON
ALLAN,CARRILLO
ISSAC,MCDOWELL
ISABELLA,KENNEDY
KRISTA,WIGGINS
GREGORIO,FOWLER
TAYLOR,RIDDLE
GALE,TALLEY
IVA,ACEVEDO
ROSIE,LOGAN
EDDIE,HENDRICKS
BOBBIE,OWENS
LEROY,MERRILL
ROOSEVELT,VILLARREAL
CARY,CLARKE
CHRISTY,DUNLAP
RAE,CALDERON
CARMELO,SANTANA
WESTON,LYONS
ELISA,GALLOWAY
JED,STRICKLAND
DAREN,REYNOLDS
SHANA,DAWSON
ARNULFO,BARNETT
KAYLA,MEADOWS
IDA,SHARPE
FANNY,OCONNOR
ELLIOTT,MCINTYRE
JUDITH,SCHWARTZ
HERMAN,WATTS
ERROL,RIVERS
JACK,CARSON
RAY,FOWLER
BIANCA,WALTER
GARRY,JARVIS
MADGE,CARTER
NICHOLE,COLEMAN
GROVER,FLORES
CORNELIUS,STONE
OPHELIA,MASSEY
EARL,HARRELL
LUISA,PARKS
NOEL,KIM
PEDRO,GATES
RAUL,BARNETT
JOHNIE,SCHNEIDER
AIDA,ENGLAND
FRANCESCA,GREEN
ROBBIE,JOHNSON
AISHA,FITZPATRICK
CASEY,SWEENEY
LUIS,TRAN
BRANDIE,BRADSHAW
CORRINE,BEACH
VICTOR,VALENTINE
PAMELA,SWANSON
KERRI,HOFFMAN
CLEO,FLEMING
ALONZO,MERCADO
LORI,CURTIS
CATHERINE,WILKINS
JEWEL,FRANKLIN
GERMAN,MOONEY
MONA,VASQUEZ
JOAQUIN,BECKER
KARLA,SAWYER
BRIANNA,WRIGHT
MARC,SWANSON
VAN,SANDERS
ELMER,CUMMINGS
KATRINA,WALLACE
ETHAN,FREEMAN
SIMON,HUBER
CATALINA,HOLLOWAY
WILLARD,BARRERA
CLARA,GOODWIN
AARON,MATTHEWS
TAD,ROLLINS
MARLON,CRAWFORD
SONJA,MCKINNEY
LAVERNE,SALAZAR
OLEN,FIELDS
KIRSTEN,SKINNER
DONNY,HOLDER
PENELOPE,BANKS
AGUSTIN,WHITLEY
COURTNEY,FRAZIER
CONSUELO,HINTON
LON,STRONG
ROMEO,GOODMAN
PAULINE,HAHN
GRACIELA,RICHMOND
CHUCK,WILSON
ROBERT,WILKINS
JULIANA,RODGERS
RONNY,BALLARD
MARQUIS,RYAN
ADAM,GONZALEZ
JEAN,MORROW
OCTAVIO,MOORE
RENEE,RANDALL
DAVE,KELLY
RICKEY,SKINNER
ISAIAH,MIDDLETON
CARMELA,CALHOUN
AVA,SUAREZ
BENITA,HICKMAN
LILY,CAMPOS
JANINE,CROSS
AILEEN,MARQUEZ
DEE,STRONG
LINDSAY,CROSBY
IVORY,SHANNON
JARROD,RAMSEY
CALEB,MATTHEWS
GINGER,GILMORE
FLORINE,JOSEPH
MELVIN,MULLINS
OPAL,CHEN
GWEN,COTE
STAN,HOPKINS
JOY,ROBERSON
MARTY,PHELPS
DENNIS,BEASLEY
DESMOND,MULLINS
EMERY,MULLEN
KELVIN,PALMER
TOD,MAYS
SANFORD,WHEELER
SCOTTY,HUMPHREY
ABRAHAM,HAYDEN
RICK,SALAS
MEREDITH,HOOPER
WILMER,SLATER
FORREST,MYERS
ANNMARIE,BLAIR
PATRICA,SHERMAN
SON,STOKES
WILFORD,NEAL
GUSTAVO,NICHOLSON
EVANGELINE,TURNER
HILARIO,HAYNES
ROBT,FARLEY
DONOVAN,GARZA
MOLLY,TERRY
COLE,CASH
KIMBERLEY,WILLIAMS
FREDRICK,PARKS
ELISABETH,ROCHA
CORINE,CRUZ
SHARI,DALE
EVAN,HATFIELD
HOWARD,WILLIS
DANIAL,BRANCH
LEA,KERR
CATHY,MCCORMICK
TANNER,SHARP
HARVEY,MCGOWAN
RODNEY,WILCOX
AVIS,COPELAND
JOHNNIE,WATKINS
CHARLIE,GRAVES
SOPHIE,CLINE
CECIL,POTTER
SUSANNE,ESTRADA
LEE,VAUGHN
TWILA,FREEMAN
SHANE,ABBOTT
DENVER,TODD
ISABELLE,MCCOY
RODRIGO,MCCONNELL
RUTH,BRUCE
DARRYL,LIVINGSTON
BLANCHE,CASTILLO
TAMERA,SNYDER
IRENE,NIXON
DOMINIQUE,MCCARTY
EDDY,BARKER
DINA,BOYD
JENNA,BURNETT
MALCOLM,SANTIAGO
FRANKLIN,RILEY
KATY,COTTON
TERRI,ROBERTS
SHELBY,CARNEY
LEONARD,WELLS
BARRY,DAVIS
CEDRIC,TODD
GILDA,GLENN
KRISTIN,PEARSON
CHRISTI,RIVERS
LEANNA,MENDOZA
COLETTE,MEDINA
CHERI,ADAMS
ALBERTO,HINTON
SAUNDRA,BELL
DONA,BLACK
RACHELLE,MITCHELL
ALEXANDER,GALLOWAY
BART,VALENZUELA
ADA,KNOWLES
BERNADETTE,NIXON
QUINTON,CARNEY
LAMONT,STEPHENSON
LANDON,RUSSO
ROSELLA,JACOBSON
JOSUE,HAMMOND
SHAWN,BANKS
WILBURN,GRIMES
GEORGE,CANNON
ELLIS,BASS
GERALD,REID
BEN,BRADLEY
ALINE,MOON
NITA,HOLT
JERALD,COLEMAN
LORENA,FAULKNER
JEAN,MORRISON
LINCOLN,FOLEY
ZELMA,GUERRA
DELORIS,MCLEAN
CHRISTIAN,RANDALL
BRYCE,MUELLER
STEPHEN,SPARKS
CARRIE,ORTIZ
CATHRYN,MATHEWS
ODELL,FORBES
DELBERT,CONWAY
JODY,HENDRIX
MARSHALL,JORDAN
FLORENCE,GRANT
MEAGAN,HYDE
CLAIR,BUTLER
BRADLEY,DRAKE
CRUZ,HOOD
LAWANDA,CONNER
ART,VELEZ
ENID,THORNTON
BEVERLY,PAGE
JANA,REYNOLDS
KAREEM,BENSON
DEON,BERNARD
KATE,FARRELL
BEATRICE,HANEY
DANNY,MILES
LATISHA,WILSON
SERENA,GRAVES
DOUGLAS,MEJIA
TERRA,BURKS
TOM,CHARLES
LENORE,MORTON
EDMOND,COMBS
MAE,GRANT
MARIA,TYLER
KAITLIN,BURNETT
MICHEL,ATKINS
SHERI,COOKE
CHANCE,RICHARDSON
SHAWN,WILLIAMSON
BOBBIE,GREEN
SARAH,ROACH
EDWARDO,SINGLETON
LEON,HARRINGTON
EMMANUEL,HARMON
EDUARDO,GOODWIN
LELAND,HOBBS
GENEVIEVE,BUCKLEY
FELIPE,PATTERSON
ROYCE,ROBBINS
JACQUES,HENRY
YESENIA,LLOYD
JEANNIE,FLETCHER
MERCEDES,HOLCOMB
BETSY,SWEET
ELOY,MARTIN
LARRY,TRAVIS
CORA,BULLOCK
PETE,PATEL
NICOLAS,FERRELL
SUZANNE,SIMON
CLEVELAND,GALLAGHER
PENNY,HAYS
LOUELLA,CHAN
KERRY,MCDONALD
CORINA,ALLEN
WILL,STUART
AMY,CAMACHO
GUADALUPE,RICHARDSON
LUCINDA,KENT
ALEX,DUKE
WILLIAM,MORIN
EVANGELINA,MIRANDA
COLEMAN,KNOX
ADELE,WILKERSON
LYDIA,SANDOVAL
HARRISON,POLLARD
FRANCINE,CHERRY
SONDRA,PRESTON
DIONNE,DUDLEY
JEANNE,CABRERA
DANE,CONRAD
RAFAEL,RICHARDS
NICOLE,MCCULLOUGH
DEWITT,KIRKLAND
BRAIN,TALLEY
GINA,VALENTINE
GUADALUPE,FOREMAN
KELLEY,MEADOWS
GARTH,RUTLEDGE
WOODROW,CHAMBERS
DELIA,LITTLE
EUGENIA,CONTRERAS
MARGO,SNIDER
CHARLEY,SELLERS
JAN,JENNINGS
ANDY,TRUJILLO
ADOLPH,MCCONNELL
DARRELL,AGUILAR
LESLIE,NIEVES
BERNICE,BRADSHAW
MILO,CAMERON
LINA,MILES
GINO,OSBORN
DAMIEN,BRYAN
JAME,FERNANDEZ
IRIS,ROGERS
SHIRLEY,LYNCH
MERVIN,MCINTOSH
AL,MOONEY
MAMIE,CHAMBERS
BRYON,MONTOYA
HAROLD,BYRD
SHELLEY,HINES
TIMOTHY,DECKER
JERROLD,OLIVER
JACKSON,CARVER
BENNIE,BLANCHARD
RICARDO,HUTCHINSON
LENNY,TORRES
SANTOS,HAMILTON
MINNIE,CUMMINGS
ROMAN,MARSH
EARNEST,CERVANTES
MARCELINO,LEACH
GRACE,CONNER
BRANDY,MCGUIRE
HUBERT,ROTH
CLARK,HUFFMAN
KIM,WISE
CECELIA,ALLEN
KENDRICK,MCMAHON
SAMANTHA,MENDOZA
JANNA,MORALES
NORBERT,GARDNER
ERNEST,BUCKNER
SHERRIE,ELLIOTT
EDGAR,WATERS
LEONEL,LITTLE
KENDRA,WILCOX
MARYANNE,KEMP
CANDICE,WOLFE
CHERIE,HOWARD
AUBREY,POPE
JESSIE,FRANK
BERTHA,WILLIAMS
EUNICE,LOWE
TRACEY,LYONS
LORNA,LAWSON
TABITHA,DALTON
FLORA,HUBER
JEANIE,BURTON
CURT,LUNA
MARCIA,KELLER
WADE,RIVAS
MATTIE,COX
ESTELA,BREWER
BERNIE,MOORE
PIERRE,MURPHY
MARGARET,HOWELL
HALEY,PECK
TERRENCE,VAUGHN
STANLEY,CALHOUN
CHERYL,CARPENTER
CHARITY,MCGEE
ARTURO,SPENCE
FERDINAND,DANIEL
MANUELA,HOPPER
DORIAN,SERRANO
HARLEY,CHRISTENSEN
ALMA,HORTON
MAURO,TOWNSEND
FIDEL,RATLIFF
LORAINE,ARMSTRONG
DREW,NAVARRO
BILLY,STEIN
HUGO,KEY
ESTELLE,AVERY
ZACHARY,GRIFFITH
CAROLE,WARE
MILTON,BENNETT
MARINA,HEWITT
LILIA,MICHAEL
LATASHA,MACIAS
WYATT,HORNE
DEAN,BERG
RICHARD,DELACRUZ
JEROLD,CURRY
PHYLLIS,CHRISTIAN
SAM,HOLLAND
JACQUELINE,SWEET
ALEXANDRIA,MOSES
AURELIA,MORENO
URSULA,FINCH
ALANA,VELASQUEZ
EDMUND,MURRAY
NORMAND,GILES
DEVIN,BOYLE
HUNG,CARROLL
BRITTNEY,RUSSELL
LAURA,OWEN
ROSETTA,CAIN
RODRICK,VARGAS
OTTO,STARK
VERONICA,DOMINGUEZ
REBECCA,HARRISON
BRIDGETT,DOMINGUEZ
STACY,PATE
RICHIE,GREER
AMANDA,NOBLE
RAYMOND,MCMILLAN
ARACELI,ARMSTRONG
ETTA,HEATH
DELLA,LOVE
DEMETRIUS,CASE
FREDERIC,LYNN
DOROTHY,HORNE
JEFFREY,KOCH
TANYA,JARVIS
HERSCHEL,MATHEWS
ELI,GUERRERO
CARLY,MAYO
HENRY,DAY
WILSON,ENGLISH
FRANK,BLACKBURN
MADELINE,SEXTON
AMPARO,KNIGHT
JILLIAN,WALKER
KENNETH,WHITFIELD
BEVERLEY,PUCKETT
RANDELL,CHANDLER
MICAH,PIERCE
PHILIP,GORDON
LAVERN,SMALL
SYLVIA,HOLLAND
GRACIE,CLEMENTS
LAKEISHA,ROBLES
WENDY,BARRON
MARJORIE,KEITH
EMORY,WADE
ROSS,MORRIS
SHEENA,MARKS
JANELLE,CHURCH
ANGELIA,MITCHELL
ISMAEL,BOWEN
TRISHA,EATON
THAD,GOFF
ESTHER,NOBLE
JUANITA,LESTER
PHOEBE,MASON
AUSTIN,PHILLIPS
TED,ESTRADA
EBONY,GARDNER
AHMED,BYERS
HOLLIE,NIELSEN
FAYE,BROWNING
MAX,CHANEY
BURTON,THORNTON
LUTHER,PIERCE
ANDERSON,SALINAS
SUMMER,CAIN
LINWOOD,PARSONS
THOMAS,BALL
LEONA,HOUSTON
LOTTIE,WEBSTER
WILLA,HARRINGTON
EULA,ARNOLD
ELTON,ESTES
TARA,PORTER
RODERICK,OCHOA
BURT,SERRANO
ERVIN,HULL
MONROE,RASMUSSEN
BETH,EVERETT
BOBBI,ROWLAND
SPENCER,MCKAY
MARGUERITE,LAMB
AUGUST,COOLEY
MINDY,LE
MERLE,SWEENEY
MARIANO,GOOD
CHARLENE,SIMON
CASANDRA,LEON
ABDUL,LONG
MARCEL,NOLAN
RALPH,PRINCE
INES,DUFFY
NELL,POPE
MAJOR,MORROW
EMANUEL,ROBERTSON
DUNCAN,MCLEAN
LESLIE,NEWMAN
ELINOR,YANG
MAXWELL,ZIMMERMAN
BRADLY,AYERS
GAYLE,LIVINGSTON
JOAN,WEST
BONITA,CARLSON
MURIEL,GARNER
MACK,SPEARS
MARY,JENSEN
CRISTINA,HAMMOND
AUGUSTUS,HARVEY
ELIZABETH,BRITT
WAYNE,MCNEIL
VINCENT,TERRELL
JUDSON,HESTER
PRINCE,HARPER
ALTHEA,WEBB
REBA,JOYNER
TRENT,MERCER
KATHRYN,PAGE
EDNA,VANG
JOHN,PIERCE